Fraction,Source File,Feature,Peptide,Scan,Tag Length,Denovo Score,ALC (%),length,m/z,z,RT,Predict RT,Area,Mass,ppm,PTM,local confidence (%),tag (>=0%),mode
10,20191211_F1_Ag5_peng0013_SA_her_Asp_N.raw,F10:3434,DYEKHKVYAC(+58.01),F10:3629,10,99,99,10,438.5332,3,19.91,-,2.3176E6,1312.5757,1.6,Carboxymethyl,100 100 100 100 100 100 100 100 100 100,DYEKHKVYAC(+58.01),ETHCD
4,20191211_F1_Ag5_peng0013_SA_her_Ela.raw,F4:4797,SGFGGLKN(+.98)TYLHW,F4:9505,13,99,99,13,494.2459,3,52.43,-,2.4924E7,1479.7146,0.9,Deamidation (NQ),100 100 100 100 100 100 100 100 100 100 100 100 100,SGFGGLKN(+.98)TYLHW,HCD
3,20191211_F1_Ag5_peng0013_SA_her_thermo.raw,F3:12703,LSC(+58.01)AASGFNLKDTY,F3:7983,14,99,99,14,774.3562,2,43.80,-,7.2888E7,1546.6973,0.4,Carboxymethyl,99 100 100 100 100 100 100 100 100 100 100 100 100 100,LSC(+58.01)AASGFNLKDTY,HCD
11,20191211_F1_Ag5_peng0013_SA_her_CB.raw,F11:14212,DSTYSLSSTLTLSK,F11:8043,14,99,99,14,751.8829,2,44.29,-,3.8265E6,1501.7512,0.0,,99 99 100 100 100 100 100 100 100 100 100 100 100 100,DSTYSLSSTLTLSK,ETHCD
2,20191211_F1_Ag5_peng0013_SA_her_chymo.raw,F2:3799,SGFGGLKDTYLHW,F2:9542,13,99,99,13,494.2458,3,52.79,-,5.6351E5,1479.7146,0.6,,100 100 100 100 100 100 100 100 100 100 100 100 100,SGFGGLKDTYLHW,HCD
11,20191211_F1_Ag5_peng0013_SA_her_CB.raw,F11:7245,SSPVTKSFNRGEC(+58.01),F11:4201,13,99,99,13,490.5618,3,22.70,-,3.2875E6,1468.6616,1.3,Carboxymethyl,100 100 100 100 100 100 100 100 100 100 100 100 100,SSPVTKSFNRGEC(+58.01),ETHCD
3,20191211_F1_Ag5_peng0013_SA_her_thermo.raw,-,VGVGRGVLGDQKN,F3:4406,13,99,99,13,433.5779,3,24.14,-,0,1297.7102,1.2,,100 100 100 100 100 100 100 100 100 100 100 100 100,VGVGRGVLGDQKN,ETHCD
7,20191211_F1_Ag5_peng0013_SA_her_Arg_C.raw,F7:14232,YSSDEKVLGEDFSDTR,F7:6514,16,99,99,16,616.6145,3,35.10,-,7.3986E5,1846.8220,-0.2,,100 100 100 100 100 100 100 100 100 100 100 100 100 100 100 98,YSSDEKVLGEDFSDTR,HCD
2,20191211_F1_Ag5_peng0013_SA_her_chymo.raw,F2:4750,TLSKADYEKHKVY,F2:3789,13,99,99,13,527.9471,3,20.26,-,3.2229E9,1580.8198,-0.3,,99 100 100 100 100 100 100 100 100 100 100 100 100,TLSKADYEKHKVY,ETHCD
5,20191211_F1_Ag5_peng0013_SA_her_aLP.raw,F5:10958,TPPVLDSDGSFFLYSKLT,F5:11087,18,99,99,18,663.0070,3,62.15,-,6.1345E6,1985.9985,0.3,,98 99 100 100 100 100 100 100 100 100 100 100 100 100 100 100 100 100,TPPVLDSDGSFFLYSKLT,ETHCD
4,20191211_F1_Ag5_peng0013_SA_her_Ela.raw,F4:6762,S(+58.01)GFNLKDTYLHWV,F4:10815,13,99,99,13,546.6037,3,60.06,-,2.739E7,1636.7886,0.4,Carboxymethyl (KW  X@N-term),100 100 100 100 100 100 100 100 100 100 100 99 99,S(+58.01)GFNLKDTYLHWV,HCD
8,20191211_F1_Ag5_peng0013_SA_her_Lys_C.raw,F8:5426,FNWYVDGVEVHDAK,F8:8307,14,99,99,14,560.2675,3,46.34,-,3.56E8,1677.7786,1.3,,99 100 100 100 100 100 100 100 100 100 100 100 100 100,FNWYVDGVEVHDAK,HCD
2,20191211_F1_Ag5_peng0013_SA_her_chymo.raw,F2:4750,TLSKADYEKHKVY,F2:3722,13,99,99,13,527.9471,3,20.26,-,3.2229E9,1580.8198,-0.3,,99 100 100 100 100 100 100 100 100 100 100 100 100,TLSKADYEKHKVY,ETHCD
4,20191211_F1_Ag5_peng0013_SA_her_Ela.raw,F4:7864,STLTLSKADYEKHKV,F4:4433,15,99,99,15,573.9813,3,24.22,-,6.8416E6,1718.9202,1.1,,99 99 100 100 100 100 100 100 100 100 100 100 100 100 100,STLTLSKADYEKHKV,ETHCD
11,20191211_F1_Ag5_peng0013_SA_her_CB.raw,F11:3224,LASYLDK,F11:4979,7,99,99,7,405.2239,2,26.98,-,6.041E4,808.4330,0.3,,100 100 100 100 100 100 99,LASYLDK,ETHCD
11,20191211_F1_Ag5_peng0013_SA_her_CB.raw,F11:9144,FNWYVDGVEVHNAK,F11:7980,14,99,99,14,559.9395,3,44.01,-,9.8729E4,1676.7947,1.2,,100 100 100 100 100 100 100 100 100 100 100 99 100 100,FNWYVDGVEVHNAK,HCD
8,20191211_F1_Ag5_peng0013_SA_her_Lys_C.raw,F8:8931,S(+58.01)TSGGTAALGC(+58.01)LVK,F8:7638,14,99,99,14,690.8375,2,42.67,-,2.888E7,1379.6602,0.2,Carboxymethyl (KW  X@N-term); Carboxymethyl,99 99 100 100 100 100 100 100 100 100 100 100 100 100,S(+58.01)TSGGTAALGC(+58.01)LVK,HCD
3,20191211_F1_Ag5_peng0013_SA_her_thermo.raw,F3:3555,LTLSKADYEKHK,F3:3745,12,99,99,12,478.2650,3,20.28,-,1.1906E8,1431.7722,0.7,,100 100 100 100 100 100 100 99 99 100 100 100,LTLSKADYEKHK,HCD
11,20191211_F1_Ag5_peng0013_SA_her_CB.raw,F11:12673,EVQLVESGGGLVQPGGSLRAK,F11:8595,21,99,99,21,694.3840,3,47.38,-,7.0626E7,2080.1274,1.4,,98 98 99 100 100 100 100 100 100 100 100 100 100 100 100 100 100 100 100 100 100,EVQLVESGGGLVQPGGSLRAK,ETHCD